{"cameraMode":{"drawMode":0,"name":"Shaded","section":"Shading Mode"},"sceneLighting":true,"audioPlay":false,"sceneViewState":{"showFog":true,"showMaterialUpdate":false,"showSkybox":true,"showFlares":true,"showImageEffects":true,"showParticleSystems":true},"in2DMode":false,"pivot":{"x":0.007329285144805908,"y":1.7999999523162842,"z":-5.344918251037598},"rotation":{"x":-0.27291855216026308,"y":-0.4892869293689728,"z":0.16448810696601869,"w":-0.8118241429328919},"size":4.261868476867676,"orthographic":false}