{"cameraMode":{"drawMode":0,"name":"Shaded","section":"Shading Mode"},"sceneLighting":true,"audioPlay":false,"sceneViewState":{"showFog":true,"showMaterialUpdate":true,"showSkybox":true,"showFlares":true,"showImageEffects":true,"showParticleSystems":true},"in2DMode":false,"pivot":{"x":184.76010131835938,"y":329.4617614746094,"z":34.10009765625},"rotation":{"x":-0.008743926882743836,"y":0.06895808130502701,"z":-0.0004206366720609367,"w":0.9979189038276672},"size":680.682373046875,"orthographic":false}