{"cameraMode":{"drawMode":0,"name":"Shaded","section":"Shading Mode"},"sceneLighting":false,"audioPlay":false,"sceneViewState":{"showFog":true,"showMaterialUpdate":true,"showSkybox":false,"showFlares":true,"showImageEffects":true,"showParticleSystems":true},"in2DMode":false,"pivot":{"x":-3.442747116088867,"y":-5.836124420166016,"z":-9.5210542678833},"rotation":{"x":-0.14198626577854157,"y":0.3895523250102997,"z":-0.06023717299103737,"w":-0.9082995057106018},"size":22.279102325439454,"orthographic":false}