{"cameraMode":{"drawMode":0,"name":"Shaded","section":"Shading Mode"},"sceneLighting":false,"audioPlay":false,"sceneViewState":{"showFog":true,"showMaterialUpdate":true,"showSkybox":false,"showFlares":true,"showImageEffects":true,"showParticleSystems":true},"in2DMode":false,"pivot":{"x":-3.269412040710449,"y":7.212516784667969,"z":10.480916976928711},"rotation":{"x":-0.3084064722061157,"y":-0.6857432126998901,"z":0.4102572500705719,"w":-0.5165814161300659},"size":993.006103515625,"orthographic":false}