{"cameraMode":{"drawMode":0,"name":"Shaded","section":"Shading Mode"},"sceneLighting":false,"audioPlay":false,"sceneViewState":{"showFog":true,"showMaterialUpdate":true,"showSkybox":false,"showFlares":true,"showImageEffects":true,"showParticleSystems":true},"in2DMode":false,"pivot":{"x":457.2904968261719,"y":397.3389892578125,"z":-38.692256927490237},"rotation":{"x":0.40893831849098208,"y":-0.11871697008609772,"z":0.052249521017074588,"w":0.9036020636558533},"size":220.40460205078126,"orthographic":false}