{"cameraMode":{"drawMode":0,"name":"Shaded","section":"Shading Mode"},"sceneLighting":false,"audioPlay":false,"sceneViewState":{"showFog":true,"showMaterialUpdate":true,"showSkybox":false,"showFlares":true,"showImageEffects":true,"showParticleSystems":true},"in2DMode":false,"pivot":{"x":-1.220239520072937,"y":-3.1603705883026125,"z":1.8288683891296387},"rotation":{"x":0.09846379607915878,"y":-0.11948991566896439,"z":0.01176310982555151,"w":0.9880505204200745},"size":9.240821838378907,"orthographic":false}